订单时间,订单金额,订单号,用户ID,商品名称,商品价格,加购时间,是否退款
2024-11-11 20:01:13,196.69,TB20241111200113403507,USER_00084,优衣库连衣裙,199.0,2024-11-11 19:45:41,是
2024-11-11 20:01:49,128.42,TB20241111200149973294,USER_00074,花西子空气蜜粉饼,129.0,2024-11-11 19:46:39,否
2024-11-11 20:02:02,198.92,TB20241111200202583863,USER_00031,优衣库连衣裙,199.0,2024-11-11 19:43:41,否
2024-11-11 20:03:01,162.9,TB20241111200301910891,USER_00072,蕉内内衣套装,169.0,2024-11-11 20:00:42,否
2024-11-11 20:03:09,165.42,TB20241111200309843963,USER_00164,蕉内内衣套装,169.0,2024-11-11 19:51:15,否
2024-11-11 20:03:37,68.72,TB20241111200337549433,USER_00035,认养一头牛牛奶,69.9,2024-11-11 20:01:01,否
2024-11-11 20:03:44,497.04,TB20241111200344290217,USER_00037,波司登羽绒服,499.0,2024-11-11 19:56:04,否
2024-11-11 20:04:52,475.96,TB20241111200452996840,USER_00024,波司登羽绒服,499.0,2024-11-11 19:47:27,否
2024-11-11 20:05:12,165.65,TB20241111200512340044,USER_00173,蕉内内衣套装,169.0,2024-11-11 20:03:43,否
2024-11-11 20:05:14,162.9,TB20241111200514912617,USER_00072,蕉内内衣套装,169.0,2024-11-11 20:00:42,否
2024-11-11 20:05:34,877.38,TB20241111200534391668,USER_00047,小米净化器,899.0,2024-11-11 19:56:10,否
2024-11-11 20:06:03,883.8,TB20241111200603563516,USER_00107,小米净化器,899.0,2024-11-11 19:55:49,否
2024-11-11 20:06:16,58.27,TB20241111200616800005,USER_00136,完美日记唇釉,59.9,2024-11-11 19:50:02,否
2024-11-11 20:06:27,238.14,TB20241111200627832168,USER_00125,珀莱雅精华液,239.0,2024-11-11 19:57:07,否
2024-11-11 20:07:31,163.94,TB20241111200731694731,USER_00184,蕉内内衣套装,169.0,2024-11-11 20:05:15,否
2024-11-11 20:08:07,161.15,TB20241111200807801474,USER_00125,蕉内内衣套装,169.0,2024-11-11 20:02:35,否
2024-11-11 20:08:17,193.07,TB20241111200817697347,USER_00064,优衣库连衣裙,199.0,2024-11-11 19:49:23,否
2024-11-11 20:08:46,493.71,TB20241111200846793300,USER_00051,波司登羽绒服,499.0,2024-11-11 19:55:53,否
2024-11-11 20:08:59,498.63,TB20241111200859205907,USER_00098,波司登羽绒服,499.0,2024-11-11 19:51:44,否
2024-11-11 20:09:00,477.35,TB20241111200900172132,USER_00063,波司登羽绒服,499.0,2024-11-11 20:01:22,否
2024-11-11 20:09:47,87.7,TB20241111200947466346,USER_00090,三只松鼠礼盒,89.9,2024-11-11 19:51:34,否
2024-11-11 20:09:53,233.57,TB20241111200953710805,USER_00142,珀莱雅精华液,239.0,2024-11-11 19:53:02,否
2024-11-11 20:10:45,59.83,TB20241111201045231869,USER_00033,完美日记唇釉,59.9,2024-11-11 19:59:38,否
2024-11-11 20:11:12,69.8,TB20241111201112449709,USER_00063,认养一头牛牛奶,69.9,2024-11-11 20:09:14,否
2024-11-11 20:11:16,167.41,TB20241111201116714953,USER_00144,蕉内内衣套装,169.0,2024-11-11 19:59:42,否
2024-11-11 20:11:29,475.15,TB20241111201129237174,USER_00164,波司登羽绒服,499.0,2024-11-11 20:04:09,否
2024-11-11 20:12:35,88.65,TB20241111201235573489,USER_00059,三只松鼠礼盒,89.9,2024-11-11 20:07:30,否
2024-11-11 20:13:57,86.1,TB20241111201357320861,USER_00184,三只松鼠礼盒,89.9,2024-11-11 20:07:36,否
2024-11-11 20:14:03,197.08,TB20241111201403904711,USER_00160,优衣库连衣裙,199.0,2024-11-11 19:57:00,否
2024-11-11 20:14:40,59.13,TB20241111201440823688,USER_00048,完美日记唇釉,59.9,2024-11-11 19:55:36,否
2024-11-11 20:14:40,89.11,TB20241111201440668950,USER_00119,三只松鼠礼盒,89.9,2024-11-11 20:13:38,是
2024-11-11 20:14:53,382.56,TB20241111201453837852,USER_00059,美的电饭煲,399.0,2024-11-11 20:06:39,否
2024-11-11 20:15:31,69.2,TB20241111201531425845,USER_00142,认养一头牛牛奶,69.9,2024-11-11 20:01:02,否
2024-11-11 20:17:29,86.59,TB20241111201729711878,USER_00103,三只松鼠礼盒,89.9,2024-11-11 20:05:22,是
2024-11-11 20:17:53,483.15,TB20241111201753141832,USER_00092,波司登羽绒服,499.0,2024-11-11 19:59:10,否
2024-11-11 20:18:09,227.94,TB20241111201809377896,USER_00087,珀莱雅精华液,239.0,2024-11-11 20:02:18,否
2024-11-11 20:18:29,390.95,TB20241111201829724834,USER_00120,美的电饭煲,399.0,2024-11-11 20:10:11,否
2024-11-11 20:19:58,86.39,TB20241111201958905635,USER_00199,三只松鼠礼盒,89.9,2024-11-11 20:12:49,否
2024-11-11 20:20:12,69.62,TB20241111202012591465,USER_00177,认养一头牛牛奶,69.9,2024-11-11 20:10:52,是
2024-11-11 20:20:26,88.39,TB20241111202026197923,USER_00193,三只松鼠礼盒,89.9,2024-11-11 20:07:40,否
2024-11-11 20:20:57,389.55,TB20241111202057599380,USER_00115,美的电饭煲,399.0,2024-11-11 20:05:47,否
2024-11-11 20:22:56,386.12,TB20241111202256864491,USER_00014,美的电饭煲,399.0,2024-11-11 20:14:08,否
2024-11-11 20:23:40,392.56,TB20241111202340745414,USER_00146,美的电饭煲,399.0,2024-11-11 20:05:31,否
2024-11-11 20:23:42,492.13,TB20241111202342650121,USER_00153,波司登羽绒服,499.0,2024-11-11 20:04:09,否
2024-11-11 20:24:04,165.82,TB20241111202404230679,USER_00185,蕉内内衣套装,169.0,2024-11-11 20:10:27,否
2024-11-11 20:24:22,190.06,TB20241111202422991597,USER_00176,优衣库连衣裙,199.0,2024-11-11 20:08:42,否
2024-11-11 20:24:51,163.13,TB20241111202451338651,USER_00058,蕉内内衣套装,169.0,2024-11-11 20:08:44,否
2024-11-11 20:25:27,57.96,TB20241111202527526117,USER_00159,完美日记唇釉,59.9,2024-11-11 20:13:49,否
2024-11-11 20:25:50,68.42,TB20241111202550595948,USER_00105,认养一头牛牛奶,69.9,2024-11-11 20:20:13,否
2024-11-11 20:26:10,85.68,TB20241111202610152578,USER_00150,三只松鼠礼盒,89.9,2024-11-11 20:19:13,否
2024-11-11 20:26:10,197.48,TB20241111202610683286,USER_00095,优衣库连衣裙,199.0,2024-11-11 20:18:31,否
2024-11-11 20:26:46,167.09,TB20241111202646724932,USER_00001,蕉内内衣套装,169.0,2024-11-11 20:10:47,否
2024-11-11 20:28:26,189.69,TB20241111202826668969,USER_00120,优衣库连衣裙,199.0,2024-11-11 20:19:41,否
2024-11-11 20:28:29,190.52,TB20241111202829598216,USER_00157,优衣库连衣裙,199.0,2024-11-11 20:26:36,否
2024-11-11 20:30:01,860.35,TB20241111203001585100,USER_00064,小米净化器,899.0,2024-11-11 20:25:32,否
2024-11-11 20:30:17,87.58,TB20241111203017561239,USER_00020,三只松鼠礼盒,89.9,2024-11-11 20:24:45,否
2024-11-11 20:30:38,894.56,TB20241111203038265649,USER_00019,小米净化器,899.0,2024-11-11 20:16:46,否
2024-11-11 20:31:50,161.47,TB20241111203150126240,USER_00159,蕉内内衣套装,169.0,2024-11-11 20:26:23,否
2024-11-11 20:32:38,57.78,TB20241111203238103402,USER_00185,完美日记唇釉,59.9,2024-11-11 20:28:38,否
2024-11-11 20:33:31,57.94,TB20241111203331811163,USER_00174,完美日记唇釉,59.9,2024-11-11 20:30:24,否
2024-11-11 20:33:33,161.41,TB20241111203333476417,USER_00089,蕉内内衣套装,169.0,2024-11-11 20:25:20,否
2024-11-11 20:33:58,161.92,TB20241111203358802729,USER_00069,蕉内内衣套装,169.0,2024-11-11 20:26:13,否
2024-11-11 20:34:03,192.0,TB20241111203403416950,USER_00004,优衣库连衣裙,199.0,2024-11-11 20:26:12,否
2024-11-11 20:34:14,233.51,TB20241111203414215266,USER_00170,珀莱雅精华液,239.0,2024-11-11 20:18:04,否
2024-11-11 20:34:54,88.38,TB20241111203454299122,USER_00076,三只松鼠礼盒,89.9,2024-11-11 20:24:40,否
2024-11-11 20:36:18,56.93,TB20241111203618690341,USER_00026,完美日记唇釉,59.9,2024-11-11 20:23:30,否
2024-11-11 20:36:26,67.1,TB20241111203626269396,USER_00139,认养一头牛牛奶,69.9,2024-11-11 20:28:20,否
2024-11-11 20:36:36,124.82,TB20241111203636584172,USER_00116,花西子空气蜜粉饼,129.0,2024-11-11 20:34:11,否
2024-11-11 20:36:39,124.51,TB20241111203639923927,USER_00149,花西子空气蜜粉饼,129.0,2024-11-11 20:31:39,否
2024-11-11 20:36:53,486.54,TB20241111203653184349,USER_00154,波司登羽绒服,499.0,2024-11-11 20:26:30,否
2024-11-11 20:37:30,67.68,TB20241111203730409445,USER_00084,认养一头牛牛奶,69.9,2024-11-11 20:34:00,否
2024-11-11 20:38:24,396.7,TB20241111203824249811,USER_00068,美的电饭煲,399.0,2024-11-11 20:25:11,否
2024-11-11 20:38:37,230.99,TB20241111203837402218,USER_00170,珀莱雅精华液,239.0,2024-11-11 20:24:27,否
2024-11-11 20:38:58,163.72,TB20241111203858656968,USER_00106,蕉内内衣套装,169.0,2024-11-11 20:35:12,否
2024-11-11 20:39:56,858.53,TB20241111203956116093,USER_00185,小米净化器,899.0,2024-11-11 20:21:38,否
2024-11-11 20:41:49,486.66,TB20241111204149987204,USER_00014,波司登羽绒服,499.0,2024-11-11 20:36:03,否
2024-11-11 20:42:38,86.89,TB20241111204238373903,USER_00046,三只松鼠礼盒,89.9,2024-11-11 20:41:06,否
2024-11-11 20:43:21,474.6,TB20241111204321515032,USER_00071,波司登羽绒服,499.0,2024-11-11 20:26:35,否
2024-11-11 20:44:25,233.14,TB20241111204425149405,USER_00029,珀莱雅精华液,239.0,2024-11-11 20:41:41,否
2024-11-11 20:44:29,88.57,TB20241111204429946305,USER_00168,三只松鼠礼盒,89.9,2024-11-11 20:31:52,否
2024-11-11 20:44:53,197.56,TB20241111204453818987,USER_00095,优衣库连衣裙,199.0,2024-11-11 20:42:00,否
2024-11-11 20:44:57,160.66,TB20241111204457614013,USER_00028,蕉内内衣套装,169.0,2024-11-11 20:35:59,否
2024-11-11 20:45:41,859.49,TB20241111204541454508,USER_00006,小米净化器,899.0,2024-11-11 20:40:25,否
2024-11-11 20:46:28,234.89,TB20241111204628887443,USER_00198,珀莱雅精华液,239.0,2024-11-11 20:45:21,否
2024-11-11 20:46:47,379.92,TB20241111204647839485,USER_00098,美的电饭煲,399.0,2024-11-11 20:31:38,是
2024-11-11 20:46:58,232.97,TB20241111204658626690,USER_00152,珀莱雅精华液,239.0,2024-11-11 20:45:16,否
2024-11-11 20:47:40,389.79,TB20241111204740938722,USER_00155,美的电饭煲,399.0,2024-11-11 20:32:43,否
2024-11-11 20:48:07,492.66,TB20241111204807916964,USER_00044,波司登羽绒服,499.0,2024-11-11 20:42:55,否
2024-11-11 20:48:09,123.53,TB20241111204809418594,USER_00022,花西子空气蜜粉饼,129.0,2024-11-11 20:31:44,否
2024-11-11 20:48:46,67.69,TB20241111204846460455,USER_00109,认养一头牛牛奶,69.9,2024-11-11 20:37:15,否
2024-11-11 20:49:46,165.81,TB20241111204946563513,USER_00195,蕉内内衣套装,169.0,2024-11-11 20:39:18,否
2024-11-11 20:50:05,386.82,TB20241111205005829308,USER_00006,美的电饭煲,399.0,2024-11-11 20:34:28,否
2024-11-11 20:50:14,128.78,TB20241111205014748151,USER_00118,花西子空气蜜粉饼,129.0,2024-11-11 20:45:58,否
2024-11-11 20:50:28,387.35,TB20241111205028547494,USER_00081,美的电饭煲,399.0,2024-11-11 20:47:39,否
2024-11-11 20:51:33,237.91,TB20241111205133174878,USER_00016,珀莱雅精华液,239.0,2024-11-11 20:34:50,否
2024-11-11 20:52:22,885.84,TB20241111205222869440,USER_00134,小米净化器,899.0,2024-11-11 20:43:06,否
2024-11-11 20:53:02,124.18,TB20241111205302219629,USER_00017,花西子空气蜜粉饼,129.0,2024-11-11 20:35:39,否
2024-11-11 20:53:20,58.06,TB20241111205320367095,USER_00012,完美日记唇釉,59.9,2024-11-11 20:41:22,否
2024-11-11 20:53:20,67.45,TB20241111205320823846,USER_00065,认养一头牛牛奶,69.9,2024-11-11 20:34:04,否
2024-11-11 20:54:10,127.44,TB20241111205410543143,USER_00088,花西子空气蜜粉饼,129.0,2024-11-11 20:50:08,否
2024-11-11 20:54:45,192.25,TB20241111205445258189,USER_00016,优衣库连衣裙,199.0,2024-11-11 20:44:43,否
2024-11-11 20:55:07,396.07,TB20241111205507499889,USER_00147,美的电饭煲,399.0,2024-11-11 20:52:05,否
2024-11-11 20:56:56,193.68,TB20241111205656486814,USER_00043,优衣库连衣裙,199.0,2024-11-11 20:51:04,是
2024-11-11 20:58:07,86.11,TB20241111205807184002,USER_00048,三只松鼠礼盒,89.9,2024-11-11 20:38:51,否
2024-11-11 20:58:51,482.54,TB20241111205851835244,USER_00071,波司登羽绒服,499.0,2024-11-11 20:41:07,否
2024-11-11 21:00:29,230.12,TB20241111210029605254,USER_00076,珀莱雅精华液,239.0,2024-11-11 20:43:48,否
2024-11-11 21:00:40,196.17,TB20241111210040539898,USER_00057,优衣库连衣裙,199.0,2024-11-11 20:46:20,否
2024-11-11 21:00:51,161.16,TB20241111210051144357,USER_00112,蕉内内衣套装,169.0,2024-11-11 20:43:28,否
2024-11-11 21:01:41,482.54,TB20241111210141594514,USER_00071,波司登羽绒服,499.0,2024-11-11 20:41:07,否
2024-11-11 21:03:09,867.42,TB20241111210309549660,USER_00079,小米净化器,899.0,2024-11-11 20:50:58,否
2024-11-11 21:04:01,869.37,TB20241111210401856648,USER_00084,小米净化器,899.0,2024-11-11 20:55:59,否
2024-11-11 21:04:07,86.75,TB20241111210407240814,USER_00068,三只松鼠礼盒,89.9,2024-11-11 20:50:31,否
2024-11-11 21:04:26,126.94,TB20241111210426663054,USER_00193,花西子空气蜜粉饼,129.0,2024-11-11 21:01:16,否
2024-11-11 21:05:42,162.44,TB20241111210542783414,USER_00011,蕉内内衣套装,169.0,2024-11-11 21:03:24,否
2024-11-11 21:06:07,68.26,TB20241111210607734836,USER_00111,认养一头牛牛奶,69.9,2024-11-11 20:56:30,否
2024-11-11 21:06:17,161.06,TB20241111210617228093,USER_00117,蕉内内衣套装,169.0,2024-11-11 21:00:03,否
2024-11-11 21:06:22,126.94,TB20241111210622258787,USER_00193,花西子空气蜜粉饼,129.0,2024-11-11 21:01:16,否
2024-11-11 21:07:03,69.5,TB20241111210703301629,USER_00181,认养一头牛牛奶,69.9,2024-11-11 20:59:11,否
2024-11-11 21:07:12,189.9,TB20241111210712612311,USER_00143,优衣库连衣裙,199.0,2024-11-11 20:52:31,否
2024-11-11 21:08:03,386.1,TB20241111210803886730,USER_00109,美的电饭煲,399.0,2024-11-11 20:54:25,否
2024-11-11 21:08:17,59.74,TB20241111210817321275,USER_00068,完美日记唇釉,59.9,2024-11-11 21:03:20,否
2024-11-11 21:08:21,235.9,TB20241111210821196214,USER_00192,珀莱雅精华液,239.0,2024-11-11 20:48:53,否
2024-11-11 21:08:41,229.14,TB20241111210841501126,USER_00159,珀莱雅精华液,239.0,2024-11-11 20:56:06,否
2024-11-11 21:09:30,58.16,TB20241111210930648177,USER_00081,完美日记唇釉,59.9,2024-11-11 20:57:25,否
2024-11-11 21:10:21,68.77,TB20241111211021515922,USER_00184,认养一头牛牛奶,69.9,2024-11-11 20:51:09,否
2024-11-11 21:10:38,123.25,TB20241111211038863934,USER_00081,花西子空气蜜粉饼,129.0,2024-11-11 21:01:22,否
2024-11-11 21:10:49,189.12,TB20241111211049161733,USER_00059,优衣库连衣裙,199.0,2024-11-11 20:56:22,是
2024-11-11 21:11:24,197.32,TB20241111211124572700,USER_00063,优衣库连衣裙,199.0,2024-11-11 21:08:46,否
2024-11-11 21:11:41,475.18,TB20241111211141728437,USER_00015,波司登羽绒服,499.0,2024-11-11 21:03:11,否
2024-11-11 21:12:10,69.14,TB20241111211210549186,USER_00170,认养一头牛牛奶,69.9,2024-11-11 21:04:34,否
2024-11-11 21:13:02,57.44,TB20241111211302618119,USER_00119,完美日记唇釉,59.9,2024-11-11 20:57:21,否
2024-11-11 21:13:06,873.93,TB20241111211306596171,USER_00189,小米净化器,899.0,2024-11-11 21:08:03,否
2024-11-11 21:13:14,878.15,TB20241111211314496922,USER_00021,小米净化器,899.0,2024-11-11 20:53:45,否
2024-11-11 21:13:39,59.23,TB20241111211339426147,USER_00028,完美日记唇釉,59.9,2024-11-11 21:09:32,否
2024-11-11 21:14:15,126.48,TB20241111211415827157,USER_00069,花西子空气蜜粉饼,129.0,2024-11-11 21:00:45,否
2024-11-11 21:14:17,880.14,TB20241111211417874814,USER_00011,小米净化器,899.0,2024-11-11 20:55:10,否
2024-11-11 21:15:10,59.46,TB20241111211510659543,USER_00098,完美日记唇釉,59.9,2024-11-11 20:57:59,否
2024-11-11 21:16:38,196.48,TB20241111211638203225,USER_00195,优衣库连衣裙,199.0,2024-11-11 21:07:23,否
2024-11-11 21:16:45,480.16,TB20241111211645207473,USER_00174,波司登羽绒服,499.0,2024-11-11 21:13:06,否
2024-11-11 21:16:54,861.53,TB20241111211654130353,USER_00012,小米净化器,899.0,2024-11-11 21:10:13,否
2024-11-11 21:17:17,59.52,TB20241111211717592198,USER_00123,完美日记唇釉,59.9,2024-11-11 21:05:22,否
2024-11-11 21:17:52,486.75,TB20241111211752975271,USER_00124,波司登羽绒服,499.0,2024-11-11 21:11:40,否
2024-11-11 21:19:24,233.65,TB20241111211924528361,USER_00116,珀莱雅精华液,239.0,2024-11-11 21:15:25,否
2024-11-11 21:19:24,67.83,TB20241111211924134305,USER_00177,认养一头牛牛奶,69.9,2024-11-11 21:00:19,否
2024-11-11 21:20:06,230.22,TB20241111212006543692,USER_00055,珀莱雅精华液,239.0,2024-11-11 21:02:31,否
2024-11-11 21:20:10,235.26,TB20241111212010195656,USER_00022,珀莱雅精华液,239.0,2024-11-11 21:10:10,否
2024-11-11 21:21:11,87.29,TB20241111212111262029,USER_00107,三只松鼠礼盒,89.9,2024-11-11 21:06:05,否
2024-11-11 21:21:46,57.09,TB20241111212146939482,USER_00028,完美日记唇釉,59.9,2024-11-11 21:06:56,否
2024-11-11 21:21:53,237.09,TB20241111212153752483,USER_00137,珀莱雅精华液,239.0,2024-11-11 21:03:25,否
2024-11-11 21:22:27,66.91,TB20241111212227366314,USER_00118,认养一头牛牛奶,69.9,2024-11-11 21:12:42,否
2024-11-11 21:23:11,124.04,TB20241111212311837135,USER_00117,花西子空气蜜粉饼,129.0,2024-11-11 21:08:45,否
2024-11-11 21:24:53,58.73,TB20241111212453864544,USER_00063,完美日记唇釉,59.9,2024-11-11 21:20:38,否
2024-11-11 21:25:03,88.49,TB20241111212503872840,USER_00172,三只松鼠礼盒,89.9,2024-11-11 21:06:11,否
2024-11-11 21:25:05,128.83,TB20241111212505831295,USER_00033,花西子空气蜜粉饼,129.0,2024-11-11 21:13:34,否
2024-11-11 21:25:51,163.25,TB20241111212551245095,USER_00039,蕉内内衣套装,169.0,2024-11-11 21:14:35,是
2024-11-11 21:28:05,229.87,TB20241111212805306854,USER_00045,珀莱雅精华液,239.0,2024-11-11 21:24:18,否
2024-11-11 21:28:09,86.76,TB20241111212809132663,USER_00016,三只松鼠礼盒,89.9,2024-11-11 21:14:56,否
2024-11-11 21:28:30,58.73,TB20241111212830871581,USER_00063,完美日记唇釉,59.9,2024-11-11 21:20:38,否
2024-11-11 21:29:24,67.88,TB20241111212924329258,USER_00060,认养一头牛牛奶,69.9,2024-11-11 21:27:51,否
2024-11-11 21:29:41,57.73,TB20241111212941535098,USER_00088,完美日记唇釉,59.9,2024-11-11 21:13:40,否
2024-11-11 21:29:52,236.45,TB20241111212952483629,USER_00136,珀莱雅精华液,239.0,2024-11-11 21:12:13,否
2024-11-11 21:29:55,58.31,TB20241111212955890785,USER_00058,完美日记唇釉,59.9,2024-11-11 21:27:29,否
2024-11-11 21:30:37,385.76,TB20241111213037440802,USER_00047,美的电饭煲,399.0,2024-11-11 21:20:13,否
2024-11-11 21:30:50,197.65,TB20241111213050950155,USER_00046,优衣库连衣裙,199.0,2024-11-11 21:11:17,否
2024-11-11 21:31:16,884.67,TB20241111213116774225,USER_00163,小米净化器,899.0,2024-11-11 21:13:31,否
2024-11-11 21:31:25,234.56,TB20241111213125777737,USER_00011,珀莱雅精华液,239.0,2024-11-11 21:13:15,否
2024-11-11 21:31:26,197.4,TB20241111213126350132,USER_00033,优衣库连衣裙,199.0,2024-11-11 21:18:38,否
2024-11-11 21:31:39,874.2,TB20241111213139408528,USER_00057,小米净化器,899.0,2024-11-11 21:30:19,否
2024-11-11 21:31:43,384.08,TB20241111213143120324,USER_00192,美的电饭煲,399.0,2024-11-11 21:29:09,否
2024-11-11 21:31:54,167.9,TB20241111213154350405,USER_00147,蕉内内衣套装,169.0,2024-11-11 21:12:16,否
2024-11-11 21:33:18,162.4,TB20241111213318362801,USER_00174,蕉内内衣套装,169.0,2024-11-11 21:28:42,否
2024-11-11 21:33:46,59.55,TB20241111213346891083,USER_00159,完美日记唇釉,59.9,2024-11-11 21:29:49,否
2024-11-11 21:33:52,58.26,TB20241111213352744986,USER_00012,完美日记唇釉,59.9,2024-11-11 21:28:39,否
2024-11-11 21:34:53,85.96,TB20241111213453885395,USER_00173,三只松鼠礼盒,89.9,2024-11-11 21:26:53,否
2024-11-11 21:37:33,58.05,TB20241111213733593554,USER_00057,完美日记唇釉,59.9,2024-11-11 21:35:48,否
2024-11-11 21:40:12,235.94,TB20241111214012371782,USER_00193,珀莱雅精华液,239.0,2024-11-11 21:30:11,否
2024-11-11 21:40:44,58.21,TB20241111214044556839,USER_00151,完美日记唇釉,59.9,2024-11-11 21:37:44,否
2024-11-11 21:40:52,129.0,TB20241111214052382602,USER_00148,花西子空气蜜粉饼,129.0,2024-11-11 21:27:06,否
2024-11-11 21:42:02,396.73,TB20241111214202853240,USER_00179,美的电饭煲,399.0,2024-11-11 21:30:06,否
2024-11-11 21:43:33,388.57,TB20241111214333413118,USER_00193,美的电饭煲,399.0,2024-11-11 21:24:38,否
2024-11-11 21:43:55,398.35,TB20241111214355483542,USER_00024,美的电饭煲,399.0,2024-11-11 21:27:38,是
2024-11-11 21:44:06,167.23,TB20241111214406439498,USER_00005,蕉内内衣套装,169.0,2024-11-11 21:38:34,否
2024-11-11 21:44:12,483.51,TB20241111214412442722,USER_00087,波司登羽绒服,499.0,2024-11-11 21:39:10,否
2024-11-11 21:44:52,489.03,TB20241111214452705991,USER_00130,波司登羽绒服,499.0,2024-11-11 21:37:11,否
2024-11-11 21:45:00,85.85,TB20241111214500666847,USER_00004,三只松鼠礼盒,89.9,2024-11-11 21:31:37,否
2024-11-11 21:45:21,88.83,TB20241111214521211579,USER_00161,三只松鼠礼盒,89.9,2024-11-11 21:34:42,否
2024-11-11 21:45:47,167.16,TB20241111214547802448,USER_00189,蕉内内衣套装,169.0,2024-11-11 21:36:58,否
2024-11-11 21:46:15,480.02,TB20241111214615694916,USER_00021,波司登羽绒服,499.0,2024-11-11 21:40:41,否
2024-11-11 21:46:39,67.18,TB20241111214639963874,USER_00119,认养一头牛牛奶,69.9,2024-11-11 21:44:27,否
2024-11-11 21:47:01,190.8,TB20241111214701643118,USER_00119,优衣库连衣裙,199.0,2024-11-11 21:27:49,否
2024-11-11 21:48:13,484.92,TB20241111214813452457,USER_00172,波司登羽绒服,499.0,2024-11-11 21:46:39,否
2024-11-11 21:48:13,227.83,TB20241111214813763829,USER_00150,珀莱雅精华液,239.0,2024-11-11 21:42:00,否
2024-11-11 21:48:27,128.91,TB20241111214827922157,USER_00117,花西子空气蜜粉饼,129.0,2024-11-11 21:42:24,否
2024-11-11 21:48:30,385.56,TB20241111214830681343,USER_00033,美的电饭煲,399.0,2024-11-11 21:34:15,否
2024-11-11 21:49:25,381.38,TB20241111214925139019,USER_00078,美的电饭煲,399.0,2024-11-11 21:47:33,否
2024-11-11 21:52:12,196.14,TB20241111215212804314,USER_00167,优衣库连衣裙,199.0,2024-11-11 21:43:37,否
2024-11-11 21:52:21,162.57,TB20241111215221804318,USER_00166,蕉内内衣套装,169.0,2024-11-11 21:43:50,否
2024-11-11 21:52:36,124.37,TB20241111215236715448,USER_00149,花西子空气蜜粉饼,129.0,2024-11-11 21:45:56,否
2024-11-11 21:54:13,85.57,TB20241111215413364659,USER_00083,三只松鼠礼盒,89.9,2024-11-11 21:51:33,否
2024-11-11 21:55:06,893.26,TB20241111215506171744,USER_00061,小米净化器,899.0,2024-11-11 21:53:25,否
2024-11-11 21:55:19,126.41,TB20241111215519217301,USER_00093,花西子空气蜜粉饼,129.0,2024-11-11 21:45:02,否
2024-11-11 21:56:07,88.89,TB20241111215607965845,USER_00188,三只松鼠礼盒,89.9,2024-11-11 21:46:17,否
2024-11-11 21:57:11,190.7,TB20241111215711324130,USER_00103,优衣库连衣裙,199.0,2024-11-11 21:46:57,否
2024-11-11 21:57:44,878.85,TB20241111215744110139,USER_00029,小米净化器,899.0,2024-11-11 21:48:36,否
2024-11-11 21:57:52,86.06,TB20241111215752728492,USER_00131,三只松鼠礼盒,89.9,2024-11-11 21:53:14,否
2024-11-11 21:58:42,161.83,TB20241111215842563688,USER_00162,蕉内内衣套装,169.0,2024-11-11 21:56:24,否
2024-11-11 21:59:07,881.59,TB20241111215907629298,USER_00110,小米净化器,899.0,2024-11-11 21:44:27,否
2024-11-11 21:59:23,391.15,TB20241111215923336650,USER_00199,美的电饭煲,399.0,2024-11-11 21:43:21,否
2024-11-11 21:59:25,189.73,TB20241111215925317220,USER_00151,优衣库连衣裙,199.0,2024-11-11 21:43:53,否
2024-11-11 21:59:37,197.88,TB20241111215937575679,USER_00095,优衣库连衣裙,199.0,2024-11-11 21:56:02,否
2024-11-11 22:00:03,897.61,TB20241111220003528184,USER_00086,小米净化器,899.0,2024-11-11 21:50:07,否
2024-11-11 22:00:08,166.49,TB20241111220008363615,USER_00060,蕉内内衣套装,169.0,2024-11-11 21:53:59,否
2024-11-11 22:00:20,232.39,TB20241111220020448588,USER_00142,珀莱雅精华液,239.0,2024-11-11 21:50:08,否
2024-11-11 22:00:39,392.74,TB20241111220039565108,USER_00019,美的电饭煲,399.0,2024-11-11 21:50:20,否
2024-11-11 22:01:05,162.58,TB20241111220105796643,USER_00172,蕉内内衣套装,169.0,2024-11-11 21:52:10,否
2024-11-11 22:02:04,478.55,TB20241111220204903373,USER_00125,波司登羽绒服,499.0,2024-11-11 21:57:00,否
2024-11-11 22:02:54,235.16,TB20241111220254490084,USER_00114,珀莱雅精华液,239.0,2024-11-11 21:43:52,否
2024-11-11 22:03:18,898.59,TB20241111220318739427,USER_00041,小米净化器,899.0,2024-11-11 21:52:21,否
2024-11-11 22:03:36,86.93,TB20241111220336970720,USER_00200,三只松鼠礼盒,89.9,2024-11-11 21:50:24,否
2024-11-11 22:03:49,162.86,TB20241111220349558176,USER_00103,蕉内内衣套装,169.0,2024-11-11 21:47:37,否
2024-11-11 22:04:05,161.11,TB20241111220405811332,USER_00099,蕉内内衣套装,169.0,2024-11-11 22:01:17,否
2024-11-11 22:04:08,87.09,TB20241111220408185569,USER_00096,三只松鼠礼盒,89.9,2024-11-11 21:55:48,否
2024-11-11 22:05:56,230.31,TB20241111220556254506,USER_00112,珀莱雅精华液,239.0,2024-11-11 21:47:44,否
2024-11-11 22:06:03,161.12,TB20241111220603631971,USER_00130,蕉内内衣套装,169.0,2024-11-11 21:55:03,否
2024-11-11 22:06:24,197.18,TB20241111220624127965,USER_00107,优衣库连衣裙,199.0,2024-11-11 21:48:36,否
2024-11-11 22:07:33,479.98,TB20241111220733350021,USER_00108,波司登羽绒服,499.0,2024-11-11 22:04:14,否
2024-11-11 22:08:26,196.8,TB20241111220826501451,USER_00146,优衣库连衣裙,199.0,2024-11-11 22:00:29,否
2024-11-11 22:08:36,57.83,TB20241111220836930117,USER_00085,完美日记唇釉,59.9,2024-11-11 22:00:27,否
2024-11-11 22:09:00,58.26,TB20241111220900566732,USER_00023,完美日记唇釉,59.9,2024-11-11 21:50:55,否
2024-11-11 22:09:20,163.17,TB20241111220920794299,USER_00101,蕉内内衣套装,169.0,2024-11-11 21:55:52,否
2024-11-11 22:11:16,164.85,TB20241111221116310743,USER_00036,蕉内内衣套装,169.0,2024-11-11 22:07:57,否
2024-11-11 22:12:19,228.9,TB20241111221219926403,USER_00026,珀莱雅精华液,239.0,2024-11-11 22:05:42,否
2024-11-11 22:14:14,168.42,TB20241111221414781533,USER_00086,蕉内内衣套装,169.0,2024-11-11 21:57:18,否
2024-11-11 22:14:58,855.23,TB20241111221458486831,USER_00120,小米净化器,899.0,2024-11-11 22:03:26,是
2024-11-11 22:15:57,124.85,TB20241111221557352838,USER_00188,花西子空气蜜粉饼,129.0,2024-11-11 22:13:40,是
2024-11-11 22:16:05,233.61,TB20241111221605653408,USER_00109,珀莱雅精华液,239.0,2024-11-11 22:01:16,否
2024-11-11 22:17:26,56.98,TB20241111221726642895,USER_00100,完美日记唇釉,59.9,2024-11-11 22:12:54,否
2024-11-11 22:17:45,69.46,TB20241111221745711046,USER_00170,认养一头牛牛奶,69.9,2024-11-11 22:10:25,否
2024-11-11 22:18:07,495.29,TB20241111221807834233,USER_00164,波司登羽绒服,499.0,2024-11-11 22:03:36,否
2024-11-11 22:20:52,66.86,TB20241111222052270128,USER_00047,认养一头牛牛奶,69.9,2024-11-11 22:12:42,否
2024-11-11 22:22:28,483.72,TB20241111222228811875,USER_00154,波司登羽绒服,499.0,2024-11-11 22:06:45,否
2024-11-11 22:22:40,86.6,TB20241111222240545120,USER_00021,三只松鼠礼盒,89.9,2024-11-11 22:20:06,否
2024-11-11 22:25:14,198.7,TB20241111222514888939,USER_00192,优衣库连衣裙,199.0,2024-11-11 22:12:38,否
2024-11-11 22:26:24,233.57,TB20241111222624183958,USER_00084,珀莱雅精华液,239.0,2024-11-11 22:19:18,否
2024-11-11 22:27:11,855.95,TB20241111222711469685,USER_00158,小米净化器,899.0,2024-11-11 22:09:39,否
2024-11-11 22:27:34,168.85,TB20241111222734777513,USER_00045,蕉内内衣套装,169.0,2024-11-11 22:24:58,否
2024-11-11 22:28:55,127.41,TB20241111222855474314,USER_00200,花西子空气蜜粉饼,129.0,2024-11-11 22:24:17,否
2024-11-11 22:30:57,89.16,TB20241111223057139581,USER_00170,三只松鼠礼盒,89.9,2024-11-11 22:13:09,否
2024-11-11 22:32:37,87.99,TB20241111223237405420,USER_00110,三只松鼠礼盒,89.9,2024-11-11 22:17:58,否
2024-11-11 22:33:41,396.47,TB20241111223341505674,USER_00096,美的电饭煲,399.0,2024-11-11 22:31:52,否
2024-11-11 22:33:43,59.04,TB20241111223343230734,USER_00073,完美日记唇釉,59.9,2024-11-11 22:22:54,否
2024-11-11 22:38:41,68.0,TB20241111223841624108,USER_00153,认养一头牛牛奶,69.9,2024-11-11 22:35:35,否
2024-11-11 22:39:46,59.22,TB20241111223946448671,USER_00035,完美日记唇釉,59.9,2024-11-11 22:24:48,否
2024-11-11 22:39:59,485.18,TB20241111223959274739,USER_00177,波司登羽绒服,499.0,2024-11-11 22:25:21,否
2024-11-11 22:40:35,386.3,TB20241111224035812413,USER_00041,美的电饭煲,399.0,2024-11-11 22:24:22,否
2024-11-11 22:41:23,882.45,TB20241111224123166165,USER_00184,小米净化器,899.0,2024-11-11 22:24:58,是
2024-11-11 22:44:51,385.81,TB20241111224451825686,USER_00128,美的电饭煲,399.0,2024-11-11 22:40:18,否
2024-11-11 22:46:01,66.89,TB20241111224601429657,USER_00167,认养一头牛牛奶,69.9,2024-11-11 22:38:02,否
2024-11-11 22:46:23,389.08,TB20241111224623269930,USER_00052,美的电饭煲,399.0,2024-11-11 22:37:26,否
2024-11-11 22:46:47,855.71,TB20241111224647929538,USER_00052,小米净化器,899.0,2024-11-11 22:41:57,否
2024-11-11 22:47:14,194.36,TB20241111224714947903,USER_00121,优衣库连衣裙,199.0,2024-11-11 22:40:21,否
2024-11-11 22:47:41,227.51,TB20241111224741595404,USER_00179,珀莱雅精华液,239.0,2024-11-11 22:29:15,否
2024-11-11 22:48:16,237.48,TB20241111224816603935,USER_00096,珀莱雅精华液,239.0,2024-11-11 22:46:16,否
2024-11-11 22:48:24,85.99,TB20241111224824168941,USER_00080,三只松鼠礼盒,89.9,2024-11-11 22:30:36,否
2024-11-11 22:48:49,166.19,TB20241111224849676713,USER_00139,蕉内内衣套装,169.0,2024-11-11 22:34:20,否
2024-11-11 22:48:58,85.83,TB20241111224858633188,USER_00093,三只松鼠礼盒,89.9,2024-11-11 22:35:14,否
2024-11-11 22:50:02,69.23,TB20241111225002558933,USER_00012,认养一头牛牛奶,69.9,2024-11-11 22:45:54,否
2024-11-11 22:50:02,874.21,TB20241111225002183074,USER_00005,小米净化器,899.0,2024-11-11 22:48:56,否
2024-11-11 22:53:15,168.44,TB20241111225315955015,USER_00140,蕉内内衣套装,169.0,2024-11-11 22:42:28,否
2024-11-11 22:54:20,192.71,TB20241111225420561999,USER_00119,优衣库连衣裙,199.0,2024-11-11 22:35:20,否
2024-11-11 22:54:53,57.69,TB20241111225453567951,USER_00055,完美日记唇釉,59.9,2024-11-11 22:48:57,否
2024-11-11 22:57:12,237.19,TB20241111225712559457,USER_00009,珀莱雅精华液,239.0,2024-11-11 22:43:19,否
2024-11-11 22:57:30,192.71,TB20241111225730840058,USER_00119,优衣库连衣裙,199.0,2024-11-11 22:35:20,否
2024-11-11 22:59:47,491.36,TB20241111225947309902,USER_00032,波司登羽绒服,499.0,2024-11-11 22:39:48,否
2024-11-11 22:59:53,490.0,TB20241111225953160144,USER_00020,波司登羽绒服,499.0,2024-11-11 22:43:51,否
2024-11-12 00:41:46,165.98,TB20241112004146813145,USER_00133,蕉内内衣套装,169.0,2024-11-12 00:32:13,否
2024-11-12 00:52:05,67.33,TB20241112005205699929,USER_00107,认养一头牛牛奶,69.9,2024-11-12 00:47:04,否
2024-11-12 01:08:55,234.12,TB20241112010855279516,USER_00169,珀莱雅精华液,239.0,2024-11-12 00:56:53,否
2024-11-12 02:04:49,492.2,TB20241112020449483713,USER_00012,波司登羽绒服,499.0,2024-11-12 01:49:19,否
2024-11-12 02:43:30,192.49,TB20241112024330397846,USER_00021,优衣库连衣裙,199.0,2024-11-12 02:24:38,否
2024-11-12 04:33:35,57.71,TB20241112043335201514,USER_00013,完美日记唇釉,59.9,2024-11-12 04:27:53,否
2024-11-12 04:45:50,86.64,TB20241112044550744274,USER_00137,三只松鼠礼盒,89.9,2024-11-12 04:32:57,否
2024-11-12 05:40:29,396.29,TB20241112054029267457,USER_00084,美的电饭煲,399.0,2024-11-12 05:31:32,否
2024-11-12 06:19:34,398.81,TB20241112061934413769,USER_00152,美的电饭煲,399.0,2024-11-12 06:04:31,否
2024-11-12 06:44:11,87.8,TB20241112064411414353,USER_00122,三只松鼠礼盒,89.9,2024-11-12 06:29:43,是
2024-11-12 06:49:27,230.79,TB20241112064927869864,USER_00089,珀莱雅精华液,239.0,2024-11-12 06:34:49,否
2024-11-12 06:55:25,88.28,TB20241112065525235300,USER_00111,三只松鼠礼盒,89.9,2024-11-12 06:50:58,否
2024-11-12 07:53:09,888.41,TB20241112075309753516,USER_00175,小米净化器,899.0,2024-11-12 07:46:50,否
2024-11-12 08:09:27,877.68,TB20241112080927963333,USER_00148,小米净化器,899.0,2024-11-12 07:53:50,否
2024-11-12 08:12:48,68.37,TB20241112081248402620,USER_00019,认养一头牛牛奶,69.9,2024-11-12 08:04:54,否
2024-11-12 09:25:53,123.57,TB20241112092553587002,USER_00053,花西子空气蜜粉饼,129.0,2024-11-12 09:16:59,否
2024-11-12 09:30:58,191.19,TB20241112093058152995,USER_00073,优衣库连衣裙,199.0,2024-11-12 09:23:16,否
2024-11-12 10:22:57,866.89,TB20241112102257212718,USER_00111,小米净化器,899.0,2024-11-12 10:21:47,否
2024-11-12 10:28:17,486.46,TB20241112102817512344,USER_00130,波司登羽绒服,499.0,2024-11-12 10:25:34,否
2024-11-12 10:30:06,122.8,TB20241112103006943019,USER_00122,花西子空气蜜粉饼,129.0,2024-11-12 10:15:32,是
2024-11-12 10:33:57,127.91,TB20241112103357418897,USER_00043,花西子空气蜜粉饼,129.0,2024-11-12 10:23:06,否
2024-11-12 10:56:40,234.29,TB20241112105640443897,USER_00157,珀莱雅精华液,239.0,2024-11-12 10:45:53,是
2024-11-12 11:49:48,166.93,TB20241112114948633853,USER_00103,蕉内内衣套装,169.0,2024-11-12 11:45:01,否
2024-11-12 13:03:14,238.7,TB20241112130314933510,USER_00087,珀莱雅精华液,239.0,2024-11-12 12:54:45,否
2024-11-12 13:05:28,238.7,TB20241112130528313795,USER_00087,珀莱雅精华液,239.0,2024-11-12 12:54:45,否
2024-11-12 13:12:59,125.76,TB20241112131259403742,USER_00165,花西子空气蜜粉饼,129.0,2024-11-12 13:00:04,否
2024-11-12 13:21:46,67.58,TB20241112132146143195,USER_00008,认养一头牛牛奶,69.9,2024-11-12 13:03:13,否
2024-11-12 17:45:44,163.35,TB20241112174544536774,USER_00150,蕉内内衣套装,169.0,2024-11-12 17:42:39,否
2024-11-12 20:28:34,162.15,TB20241112202834639728,USER_00120,蕉内内衣套装,169.0,2024-11-12 20:24:32,否
2024-11-12 21:00:10,865.06,TB20241112210010525818,USER_00077,小米净化器,899.0,2024-11-12 20:43:50,否
2024-11-12 21:26:00,236.14,TB20241112212600211341,USER_00082,珀莱雅精华液,239.0,2024-11-12 21:15:13,否
